Titel ID,Titel,Satz,Suspense
1,Das Bettelweib von Locarno,"Am Fuße der Alpen, bei Locarno im oberen Italien, befand sich ein altes, einem Marchese gehöriges Schloß, das man jetzt, wenn man vom St. Gotthard kommt, in Schutt und Trümmern liegen sieht: ein Schloß mit hohen und weitläufigen Zimmern, in deren einem einst, auf Stroh, das man ihr unterschüttete, eine alte kranke Frau, die sich bettelnd vor der Tür eingefunden hatte, von der Hausfrau aus Mitleiden gebettet worden war."
1,Das Bettelweib von Locarno,"Der Marchese, der, bei der Rückkehr von der Jagd, zufällig in das Zimmer trat, wo er seine Büchse abzusetzen pflegte, befahl der Frau unwillig, aus dem Winkel, in welchem sie lag, aufzustehen, und sich hinter den Ofen zu verfügen."
1,Das Bettelweib von Locarno,"Die Frau, da sie sich erhob, glitschte mit der Krücke auf dem glatten Boden aus, und beschädigte sich, auf eine gefährliche Weise, das Kreuz; dergestalt, daß sie zwar noch mit unsäglicher Mühe aufstand und quer, wie es vorgeschrieben war, über das Zimmer ging, hinter den Ofen aber, unter Stöhnen und Ächzen, niedersank und verschied."
1,Das Bettelweib von Locarno,"Mehrere Jahre nachher, da der Marchese, durch Krieg und Mißwachs, in bedenkliche Vermögensumstände geraten war, fand sich ein florentinischer Ritter bei ihm ein, der das Schloß, seiner schönen Lage wegen, von ihm kaufen wollte."
1,Das Bettelweib von Locarno,"Der Marchese, dem viel an dem Handel gelegen war, gab seiner Frau auf, den Fremden in dem obenerwähnten, leerstehenden Zimmer, das sehr schön und prächtig eingerichtet war, unterzubringen."
1,Das Bettelweib von Locarno,"Aber wie betreten war das Ehepaar, als der Ritter mitten in der Nacht, verstört und bleich, zu ihnen herunterkam, hoch und teuer versichernd, daß es in dem Zimmer spuke, indem etwas, das dem Blick unsichtbar gewesen, mit einem Geräusch, als ob es auf Stroh gelegen, im Zimmerwinkel aufgestanden, mit vernehmlichen Schritten, langsam und gebrechlich, quer über das Zimmer gegangen, und hinter dem Ofen, unter Stöhnen und Ächzen, niedergesunken sei."
1,Das Bettelweib von Locarno,"Der Marchese erschrocken, er wußte selbst nicht recht warum, lachte den Ritter mit erkünstelter Heiterkeit aus, und sagte, er wolle sogleich aufstehen, und die Nacht zu seiner Beruhigung, mit ihm in dem Zimmer zubringen."
1,Das Bettelweib von Locarno,"Doch der Ritter bat um die Gefälligkeit, ihm zu erlauben, daß er auf einem Lehnstuhl, in seinem Schlafzimmer übernachte, und als der Morgen kam, ließ er anspannen, empfahl sich und reiste ab."
1,Das Bettelweib von Locarno,"Dieser Vorfall, der außerordentliches Aufsehen machte, schreckte auf eine dem Marchese höchst unangenehme Weise, mehrere Käufer ab; dergestalt, daß, da sich unter seinem eigenen Hausgesinde, befremdend und unbegreiflich, das Gerücht erhob, daß es in dem Zimmer, zur Mitternachtsstunde, umgehe, er, um es mit einem entscheidenden Verfahren niederzuschlagen, beschloß, die Sache in der nächsten Nacht selbst zu untersuchen."
1,Das Bettelweib von Locarno,"Demnach ließ er, beim Einbruch der Dämmerung, sein Bett in dem besagten Zimmer aufschlagen, und erharrte, ohne zu schlafen, die Mitternacht."
1,Das Bettelweib von Locarno,"Aber wie erschüttert war er, als er in der Tat, mit dem Schlage der Geisterstunde, das unbegreifliche Geräusch wahrnahm; es war, als ob ein Mensch sich von Stroh, das unter ihm knisterte, erhob, quer über das Zimmer ging, und hinter dem Ofen, unter Geseufz und Geröchel niedersank."
1,Das Bettelweib von Locarno,"Die Marquise, am andern Morgen, da er herunterkam, fragte ihn, wie die Untersuchung abgelaufen; und da er sich, mit scheuen und ungewissen Blicken, umsah, und, nachdem er die Tür verriegelt, versicherte, daß es mit dem Spuk seine Richtigkeit habe: so erschrak sie, wie sie in ihrem Leben nicht getan, und bat ihn, bevor er die Sache verlauten ließe, sie noch einmal, in ihrer Gesellschaft, einer kaltblütigen Prüfung zu unterwerfen."
1,Das Bettelweib von Locarno,"Sie hörten aber samt einem treuen Bedienten, den sie mitgenommen hatten, in der Tat, in der nächsten Nacht dasselbe unbegreifliche, gespensterartige Geräusch; und nur der dringende Wunsch, das Schloß, es koste was es wolle, loszuwerden, vermochte sie, das Entsetzen, das sie ergriff, in Gegenwart ihres Dieners zu unterdrücken, und dem Vorfall irgendeine gleichgültige und zufällige Ursache, die sich entdecken lassen müsse, unterzuschieben."
1,Das Bettelweib von Locarno,"Am Abend des dritten Tages, da beide, um der Sache auf den Grund zu kommen, mit Herzklopfen wieder die Treppe zu dem Fremdenzimmer bestiegen, fand sich zufällig der Haushund, den man von der Kette losgelassen hatte, vor der Tür desselben ein; dergestalt, daß beide, ohne sich bestimmt zu erklären, vielleicht in der unwillkürlichen Absicht, außer sich selbst noch etwas Drittes, Lebendiges, bei sich zu haben, den Hund mit sich in das Zimmer nahmen."
1,Das Bettelweib von Locarno,"Das Ehepaar, zwei Lichter auf dem Tisch, die Marquise unausgezogen, der Marchese Degen und Pistolen, die er aus dem Schrank genommen, neben sich, setzen sich, gegen eilf Uhr, jeder auf sein Bett; und während sie sich mit Gesprächen, so gut sie vermögen, zu unterhalten suchen, legt sich der Hund, Kopf und Beine zusammengekauert, in der Mitte des Zimmers nieder und schläft ein."
1,Das Bettelweib von Locarno,"Drauf, in dem Augenblick der Mitternacht, läßt sich das entsetzliche Geräusch wieder hören; jemand, den kein Mensch mit Augen sehen kann, hebt sich, auf Krücken, im Zimmerwinkel empor; man hört das Stroh, das unter ihm rauscht; und mit dem ersten Schritt: tapp!"
1,Das Bettelweib von Locarno,tapp!
1,Das Bettelweib von Locarno,"erwacht der Hund, hebt sich plötzlich, die Ohren spitzend, vom Boden empor, und knurrend und bellend, grad als ob ein Mensch auf ihn eingeschritten käme, rückwärts gegen den Ofen weicht er aus."
1,Das Bettelweib von Locarno,"Bei diesem Anblick stürzt die Marquise mit sträubenden Haaren, aus dem Zimmer; und während der Marquis, der den Degen ergriffen: wer da?"
1,Das Bettelweib von Locarno,"ruft, und da ihm niemand antwortet, gleich einem Rasenden, nach allen Richtungen die Luft durchhaut läßt sie anspannen, entschlossen, augenblicklich, nach der Stadt abzufahren."
1,Das Bettelweib von Locarno,"Aber ehe sie noch einige Sachen zusammengepackt und aus dem Tore herausgerasselt, sieht sie schon das Schloß ringsum in Flammen aufgehen."
1,Das Bettelweib von Locarno,"Der Marchese, von Entsetzen überreizt, hatte eine Kerze genommen, und dasselbe, überall mit Holz getäfelt wie es war, an allen vier Ecken, müde seines Lebens, angesteckt."
1,Das Bettelweib von Locarno,"Vergebens schickte sie Leute hinein, den Unglücklichen zu retten; er war auf die elendiglichste Weise bereits umgekommen, und noch jetzt liegen, von den Landleuten zusammengetragen, seine weißen Gebeine in dem Winkel des Zimmers, von welchem er das Bettelweib von Locarno hatte aufstehen heißen."
2,Der Untergang des Hauses Usher,Son coeur est un luth suspendu; Sitôt qu'on le touche il résonne.
2,Der Untergang des Hauses Usher,"De Beranger Ich war den ganzen Tag lang geritten, einen grauen und lautlosen melancholischen Herbsttag lang – durch eine eigentümlich öde und traurige Gegend, auf die erdrückend schwer die Wolken herabhingen."
2,Der Untergang des Hauses Usher,"Da endlich, als die Schatten des Abends herniedersanken, sah ich das Stammschloß der Usher vor mir."
2,Der Untergang des Hauses Usher,"Ich weiß nicht, wie es kam – aber ich wurde gleich beim ersten Anblick dieser Mauern von einem unerträglich trüben Gefühl befallen."
2,Der Untergang des Hauses Usher,"Ich sage unerträglich, denn dies Gefühl wurde durch keine der poetischen und darum erleichternden Empfindungen gelindert, mit denen die Seele gewöhnlich selbst die finstersten Bilder des Trostlosen oder Schaurigen aufnimmt."
2,Der Untergang des Hauses Usher,"Ich betrachtete das Bild vor mir – das einsame Gebäude in seiner einförmigen Umgebung, die kahlen Mauern, die toten, wie leere Augenhöhlen starrenden Fenster, die paar Büschel dürrer Binsen, die weißschimmernden Stümpfe abgestorbener Bäume – mit einer Niedergeschlagenheit, die ich mit keinem anderen Gefühl besser vergleichen kann als mit dem trostlosen Erwachen eines Opiumessers aus seinem Rausche, dem bitteren Zurücksinnen in graue Alltagswirklichkeit, wenn der verklärende Schleier unerbittlich zerreißt."
2,Der Untergang des Hauses Usher,"Es war ein frostiges Erstarren, ein Erliegen aller Lebenskraft – kurz, eine hilflose Traurigkeit der Gedanken, die kein noch so gewaltsames Anstacheln der Einbildungskraft aufreizen konnte zu Erhabenheit, zu Größe."
2,Der Untergang des Hauses Usher,"Was mochte es sein – dachte ich, langsamer reitend –, ja, was mochte es sein, daß der Anblick des Hauses Usher mich so erschreckend überwältigte?"
2,Der Untergang des Hauses Usher,"Es war mir ein Rätsel; aber ich konnte mich der grauen Wahngespenster nicht erwehren; ich mußte mich mit der wenig befriedigenden Erklärung begnügen, daß es tatsächlich in der Natur ganz einfache Dinge gibt, die durch die Umstände, in denen sie uns erscheinen, geradezu niederdrückend auf uns wirken können, daß es aber nicht in unsere Macht gegeben ist, eine Definition dieser Gewalt zu finden."
2,Der Untergang des Hauses Usher,"Es wäre möglich, überlegte ich, daß eine etwas andere Anordnung der einzelnen Bestandteile dieses Landschaftsbildes genügen würde, um die düstere Stimmung des Ganzen abzuschwächen, ja vielleicht sogar vollständig aufzuheben."
2,Der Untergang des Hauses Usher,"Von diesem Gedanken getrieben, lenkte ich mein Pferd an den steilen Abhang eines schwarzen sumpfigen Teiches, der von keinem Hauch bewegt neben dem Schlosse lag, und spähte ins Wasser – doch ein Schauder, stärker als zuvor, schüttelte mich beim Anblick der auf den Kopf gestellten und verzerrten Bilder der grauen Binsen, der gespenstischen Baumstümpfe und der toten, wie leere Augenhöhlen starrenden Fenster."
2,Der Untergang des Hauses Usher,"Nichtsdestoweniger beschloß ich, in diesem schwermutvollen Hause einen Aufenthalt von mehreren Wochen zu nehmen."
2,Der Untergang des Hauses Usher,"Sein Eigentümer, Roderick Usher, war einer meiner liebsten Jugendfreunde gewesen, doch seit unserer letzten Begegnung waren viele Jahre dahingegangen."
2,Der Untergang des Hauses Usher,"Da hatte mich jüngst bei meinem Aufenthalt in einem entlegenen Teil des Landes ein Brief erreicht – ein Brief von ihm –, dessen seltsam ungestümer Charakter keine andere als eine persönliche und mündliche Beantwortung zuließ."
2,Der Untergang des Hauses Usher,Das Schreiben zeugte entschieden von nervöser Aufregung.
2,Der Untergang des Hauses Usher,"Der Verfasser sprach von einer heftigen körperlichen Erkrankung – von niederdrückender geistiger Zerrüttung – und von dem innigen Wunsch, mich, der ich sein bester und tatsächlich sein einziger persönlicher Freund sei, wiederzusehen; er hoffe, meine erheiternde Gesellschaft werde seinem Zustande etwas Erleichterung bringen."
2,Der Untergang des Hauses Usher,"Die Art und Weise, in der dies und vieles andere gesagt war – die Herzensbedrängnis, die aus seinem Verlangen sprach –, das war es, das mir kein Zögern erlaubte, und ich gehorchte daher dieser höchst seltsamen Aufforderung unverzüglich."
2,Der Untergang des Hauses Usher,"Obgleich wir als Knaben geradezu vertraute Kameraden gewesen waren, wußte ich dennoch recht wenig über meinen Freund."
2,Der Untergang des Hauses Usher,Seine Zurückhaltung war immer außerordentlich gewesen; sie war ihm ganz selbstverständlich erschienen.
2,Der Untergang des Hauses Usher,"Immerhin war mir bekannt, daß seine sehr alte Familie seit unvordenklichen Zeiten wegen einer eigentümlichen Reizbarkeit des Temperaments bekannt gewesen war, einer Reizbarkeit, die lange Jahre hindurch in vielen erhaben eigenartigen Kunstwerken sich aussprach; später betätigte sich dies feinfühlige Empfinden in mancher Handlung großmütiger, doch unauffälliger Mildtätigkeit und in der leidenschaftlichen Hingabe an das Studium der Musik – weniger also an ihre altbekannten leichtfaßlichen Schönheitsformen, als an die tiefverborgenen Probleme dieser Kunst."
2,Der Untergang des Hauses Usher,"Ich hatte auch die sehr bemerkenswerte Tatsache erfahren, daß der Stammbaum der Familie Usher, die jederzeit hochangesehen gewesen, zu keiner Zeit einen ausdauernden Nebenzweig hervorgebracht hatte, mit anderen Worten, daß die Abstammung der ganzen Familie in direkter Linie herzustellen war."
2,Der Untergang des Hauses Usher,"Und ich vergegenwärtigte mir, daß in dieser Familie neben dem ungeteilten Besitztum auch die besonderen Charaktereigentümlichkeiten sich ungeteilt von Glied zu Glied vererbten, und sann darüber nach, inwieweit im Laufe der Jahrhunderte die eine dieser Tatsachen die andere beeinflußt haben könne."
2,Der Untergang des Hauses Usher,"Wahrscheinlich, so sagte ich mir, ist es eben dieser Mangel einer Seitenlinie, ist es dies von Vater zu Sohn immer sich gleichbleibende Erbe von Besitztum und Familienname, das schließlich beide so miteinander identifiziert hatte, daß der ursprüngliche Name des Besitztums in die wunderliche und doppeldeutige Bezeichnung ›das Haus Usher‹ übergegangen war – eine Benennung, die bei den Bauern, die sie anwendeten, beides, sowohl die Familie wie das Familienhaus, zu bezeichnen schien."
2,Der Untergang des Hauses Usher,"Ich sagte vorhin, daß der einzige Erfolg meines etwas kindischen Beginnens – meines Hinabblickens in den dunklen Teich – der gewesen war, den ersten sonderbaren Eindruck, den das Landschaftsbild auf mich gemacht hatte, noch zu vertiefen."
2,Der Untergang des Hauses Usher,"Es ist zweifellos: das Bewußtsein, mit dem ich das Anwachsen meiner abergläubischen Furcht – denn dies ist der rechte Name für die Sache – verfolgte, diente nur dazu, diese Furcht selbst zu steigern."
2,Der Untergang des Hauses Usher,"Denn ich kannte schon lange das paradoxe Gesetz aller Empfindungen, deren Ursprung das Entsetzen, das Grauen ist."
2,Der Untergang des Hauses Usher,"Und einzig dies mag die Ursache gewesen sein einer seltsamen Vorstellung, die in meiner Seele entstand, als ich meine Augen von dem Spiegelbild im Pfuhl wieder hinaufrichtete auf das Wohnhaus selbst; es war eine Einbildung, so lächerlich in der Tat, daß ich sie nur erwähne, um zu zeigen, wie lebendig, wie stark die Eindrücke waren, die auf mir lasteten."
2,Der Untergang des Hauses Usher,"Ich hatte so auf meine Einbildungskraft eingearbeitet, daß ich wirklich glaubte, das Haus und seine ganze Umgebung sei von einer nur ihm eigentümlichen Atmosphäre umflutet – einer Atmosphäre, die zu der Himmelsluft keinerlei Zugehörigkeit hatte, sondern die emporgedunstet war aus den vermorschten Bäumen, den grauen Mauern und dem stummen Pfuhl – ein giftiger, geheimnisvoller, trüber, träger, kaum wahrnehmbarer bleifarbener Dunst."
2,Der Untergang des Hauses Usher,"Von meinem Geist abschüttelnd, was Traum gewesen sein mußte, prüfte ich eingehender das wirkliche Aussehen des Gebäudes."
2,Der Untergang des Hauses Usher,Das auffallendste an ihm schien mir sein beträchtliches Alter zu sein.
2,Der Untergang des Hauses Usher,Die Zeitläufte hatten ihm seine ursprüngliche Farbe genommen.
2,Der Untergang des Hauses Usher,"Ein winzig kleiner Pilz hatte alle Mauern wie mit einem Netzwerk überzogen, dessen feinmaschiges Geflecht von den Dachtraufen herabhing."
2,Der Untergang des Hauses Usher,Doch von irgendwelchem außergewöhnlichen Verfall war das Gebäude noch weit entfernt.
2,Der Untergang des Hauses Usher,"Kein Teil des Mauerwerks war eingesunken, und die noch vollkommen erhaltene Gesamtheit stand in seltsamem Widerspruch zu der bröckelnden Schadhaftigkeit der einzelnen Steine."
2,Der Untergang des Hauses Usher,"Dies Haus stand gleichsam da wie altes Holzgetäfel, das in irgendeinem unbetretenen Gewölbe viele Jahre lang vermoderte, ohne daß je ein Lufthauch von draußen es berührte, und das darum in all seinem inneren Verfall stattlich und lückenlos dasteht."
2,Der Untergang des Hauses Usher,Außer diesen Zeichen eines allgemeinen Verfalls bot das Haus jedoch nur wenige Merkmale von Baufälligkeit.
2,Der Untergang des Hauses Usher,"Vielleicht hätte allerdings ein scharfprüfender Blick einen kaum wahrnehmbaren Riß entdecken können, der an der Frontseite des Hauses vom Dach im Zickzack die Mauer hinunterlief, bis er sich in den trüben Wassern des Teiches verlor."
2,Der Untergang des Hauses Usher,"Diese Dinge bemerkte ich, während ich über einen kurzen Dammweg zum Hause hinaufritt."
2,Der Untergang des Hauses Usher,"Ein wartender Diener nahm mein Pferd, und ich trat unter den gotisch gewölbten Torbogen der Halle."
2,Der Untergang des Hauses Usher,"Ein Kammerdiener mit leichtem, leisem Schritt führte mich schweigend durch dunkle und gewundene Gänge bis in das Arbeitszimmer seines Herrn."
2,Der Untergang des Hauses Usher,"Vieles, was ich unterwegs erblickte, trug irgendwie dazu bei, das unbestimmte niederdrückende Gefühl, von dem ich schon gesprochen habe, zu verstärken."
2,Der Untergang des Hauses Usher,"Diese Dinge um mich her – das Schnitzwerk der Deckentäfelung, der ebenholzglänzende Flur, die düsteren Wandteppiche mit ihrem phantastischen Waffenschmuck, der bei meinen Tritten rasselte –, das alles waren Dinge, die schon meiner Kindheit vertraut gewesen waren, wie ich mir unumwunden eingestehen mußte –, dennoch wunderte ich mich, was für unheimliche Vorstellungen so gewöhnliche Dinge erwecken konnten."
2,Der Untergang des Hauses Usher,Auf einer der Treppen begegnete ich dem Hausarzt.
2,Der Untergang des Hauses Usher,"Sein Gesichtsausdruck erschien mir gemein und durchtrieben, obgleich mein Anblick ihn verblüffte."
2,Der Untergang des Hauses Usher,Er begrüßte mich verwirrt und ging weiter.
2,Der Untergang des Hauses Usher,Jetzt riß der Kammerdiener eine Türe auf und führte mich hinein zu seinem Herrn.
2,Der Untergang des Hauses Usher,"Das Zimmer, in dem ich mich nun befand, war sehr groß und hoch."
2,Der Untergang des Hauses Usher,"Die Fenster waren lang und schmal und hatten gotische Spitzbogenform; sie befanden sich so hoch über dem schwarzen eichenen Fußboden, daß man nicht an sie heranreichen konnte."
2,Der Untergang des Hauses Usher,"Ein schwacher Schimmer rötlichen Lichtes drang durch die vergitterten Scheiben herein und reichte gerade hin, die hervortretenden Gegenstände des Gemachs erkennbar zu machen; doch mühte sich das Auge vergebens, bis in die entfernten Winkel des Zimmers oder in die Tiefen der schmuckreichen Deckenwölbung vorzudringen."
2,Der Untergang des Hauses Usher,Dunkle Teppiche hingen an den Wänden.
2,Der Untergang des Hauses Usher,"Die Einrichtung war im allgemeinen überladen prunkvoll, unbehaglich, altmodisch und schadhaft."
2,Der Untergang des Hauses Usher,"Eine Menge Bücher und Musikinstrumente lagen umher, doch auch das vermochte nicht, die tote Starrheit des öden Raumes zu beleben."
2,Der Untergang des Hauses Usher,"Ich fühlte, daß ich eine Luft einatmete, die schwer von Gram und Sorge war."
2,Der Untergang des Hauses Usher,"Wie ernste, tiefe, unheilbare Schwermut lastete es hier auf allem."
2,Der Untergang des Hauses Usher,"Bei meinem Eintritt erhob sich Usher von einem Sofa, auf dem er lang ausgestreckt gelegen hatte, und begrüßte mich mit warmer Lebhaftigkeit, die mir zuerst übertrieben schien – etwa als gezwungene Liebenswürdigkeit des blasierten Weltmannes."
2,Der Untergang des Hauses Usher,Ein Blick jedoch auf sein Gesicht überzeugte mich von seiner völligen Aufrichtigkeit.
2,Der Untergang des Hauses Usher,"Wir setzten uns, und da er nicht gleich sprach, betrachtete ich ihn minutenlang – und wurde von Mitleid und Grauen ergriffen."
2,Der Untergang des Hauses Usher,"Sicherlich, kein Mensch hatte sich je in so kurzer Zeit so schrecklich verändert wie Roderick Usher!"
2,Der Untergang des Hauses Usher,"Nur mit Mühe gelang es mir, die Identität dieser gespenstischen Gestalt da vor mir mit dem Gefährten meiner Kindheit festzustellen."
2,Der Untergang des Hauses Usher,"Doch seine Gesichtsbildung war immer merkwürdig und auffallend gewesen: eine leichenhafte Blässe; große klare und unvergleichlich leuchtende Augen; Lippen, die etwas schmal und sehr bleich waren – aber von ungemein schönem Schwunge; eine Nase von edelzartem jüdischen Schnitt, doch mit ungewöhnlich breiten Nüstern; ein schöngebildetes Kinn, dessen wenig kräftige Form einen Mangel an sittlicher Energie verriet; Haare, die feiner und zarter waren als Spinnenfäden."
2,Der Untergang des Hauses Usher,"Diese einzelnen Züge, verbunden mit einer massigen Kraft und Breite der Stirn über den Schläfen, bildeten ein Antlitz, das man nicht leicht vergessen konnte."
2,Der Untergang des Hauses Usher,"Und nun hatte die übertriebene Entwicklung dieser charakteristischen Einzelheiten genügt, den Ausdruck seiner Züge derart zu verändern, daß ich nicht einmal wußte, ob er es wirklich war."
2,Der Untergang des Hauses Usher,"Vor allem war ich bestürzt, ja entsetzt von der jetzt gespenstischen Blässe der Haut und dem jetzt übernatürlichen Strahlen des Auges."
2,Der Untergang des Hauses Usher,"Das seidige Haar hatte ein ungewöhnliches Wachstum entfaltet, und wie es da so seltsam wie hauchzarter Altweibersommer sein Gesicht umflutete, konnte ich beim besten Willen nicht dies arabeskenhaft verschlungene Gewebe mit dem einfachen Begriff Menschenhaar in Beziehung bringen."
2,Der Untergang des Hauses Usher,"Im Benehmen meines Freundes überraschte mich sofort eine gewisse Verwirrtheit – seiner Rede fehlte der Zusammenhang; und ich erkannte dies als eine Folge seiner wiederholten kraftlosen Versuche, ein ihm innewohnendes Angstgefühl, das ihn wie Zittern überkam, zu unterdrücken – einer heftigen nervösen Aufregung Herr zu werden."
2,Der Untergang des Hauses Usher,"Ich war allerdings auf etwas Derartiges gefaßt gewesen; sowohl sein Brief als auch meine Erinnerung an bestimmte Wesenseigenheiten des Knaben hatten mich darauf vorbereitet, und auch sein Äußeres wie sein Temperament ließen dergleichen ahnen."
2,Der Untergang des Hauses Usher,Sein Wesen war abwechselnd lebhaft und mürrisch.
2,Der Untergang des Hauses Usher,"Seine Stimme, die eben noch zitternd und unsicher war (wenn die Lebensgeister in tödlicher Erschlaffung ruhten), flammte plötzlich auf zu heftiger Entschiedenheit – wurde schroff und nachdrücklich – dann schwerfällig und dumpf, bleiern einfältig – wurde zu den sonderbar modulierten Kehllauten der ungeheuren Aufregung des sinnlos Betrunkenen oder des unverbesserlichen Opiumessers."
2,Der Untergang des Hauses Usher,"So sprach er also von dem Zweck meines Besuches, von seinem dringenden Verlangen, mich zu sehen, und von dem trostreichen Einfluß, den er von mir erhoffe."
2,Der Untergang des Hauses Usher,Nach einer Weile kam er auf die Natur seiner Krankheit zu sprechen.
2,Der Untergang des Hauses Usher,"Es war, sagte er, ein ererbtes Familienübel, ein Übel, für das ein Heilmittel zu finden er verzweifle – nichts weiter als nervöse Angegriffenheit, fügte er sofort hinzu, die zweifellos bald vorübergehen werde."
2,Der Untergang des Hauses Usher,Sie äußere sich in einer Menge unnatürlicher Erregungszustände.
2,Der Untergang des Hauses Usher,"Einige derselben, die er mir nun beschrieb, verblüfften und erschreckten mich, doch mochte an dieser Wirkung seine Ausdrucksweise, die Form seines Berichtes, schuld sein."
2,Der Untergang des Hauses Usher,"Er litt viel unter einer krankhaften Verschärfung der Sinne; nur die fadeste Nahrung war ihm erträglich; als Kleidung konnte er nur ganz bestimmte Stoffe tragen; jeglicher Blumenduft war ihm zuwider; selbst das schwächste Licht quälte seine Augen, und es gab nur einige besondere Tonklänge – und diese nur von Saiteninstrumenten –, die ihn nicht mit Entsetzen erfüllten."
2,Der Untergang des Hauses Usher,"Ich sah, daß er der Furcht, dem Schreck, dem Grauen sklavisch unterworfen war."
2,Der Untergang des Hauses Usher,"»Ich werde zugrunde gehen«, sagte er, »ich muß zugrunde gehen an dieser beklagenswerten Narrheit."
2,Der Untergang des Hauses Usher,"So, so und nicht anders wird mich der Untergang ereilen!"
2,Der Untergang des Hauses Usher,"Ich fürchte die Ereignisse der Zukunft – nicht sie selbst, aber ihre Wirkungen."
2,Der Untergang des Hauses Usher,"Ich schaudere bei dem Gedanken, irgendein ganz geringfügiger Vorfall könne die unerträgliche Seelenerregung verschlimmern."
2,Der Untergang des Hauses Usher,"Ich habe wirklich kein Entsetzen vor der Gefahr, nur vor ihrer unvermeidlichen Wirkung – vor dem Schrecken."
2,Der Untergang des Hauses Usher,"In diesem entnervten, in diesem bedauernswerten Zustand fühle ich, daß früher oder später die Zeit kommen wird, da ich beides, Vernunft und Leben, hingeben muß – verlieren im Kampf mit dem gräßlichen Phantom: Furcht.« Noch einen andern sonderbaren Zug seiner geistigen Verfassung erfuhr ich nach und nach aus abgerissenen, unbestimmten Andeutungen."
2,Der Untergang des Hauses Usher,"Er war hinsichtlich des Hauses, das er bewohnte, in gewissen abergläubischen Vorstellungen befangen."
2,Der Untergang des Hauses Usher,"Schon seit Jahren hatte er sich nicht mehr aus dem Hause herausgewagt – infolge eines Einflusses, dessen eingebildete Wirkung er mir in so unbestimmten, schattendunkeln Worten mitteilte, daß ich sie hier nicht wiedergeben kann."
2,Der Untergang des Hauses Usher,"Wie er sagte, hatten einige Besonderheiten in der Bauart und dem Baumaterial seines Stammschlosses in dieser langen Leidenszeit auf seinen Geist Einfluß erlangt – einen Einfluß also, den das Physische der grauen Mauern und Türme und des trüben Pfuhls, in den sie alle hinabstarrten, auf seine Psyche ausübte."
2,Der Untergang des Hauses Usher,"Jedoch gab er zögernd zu, daß die seltsame Schwermut, unter der er leide, einer natürlicheren, gewissermaßen handgreiflicheren Ursache zugeschrieben werden könne – nämlich der schweren und langwierigen Krankheit – ja der offenbar nahen Auflösung – einer zärtlich geliebten Schwester – der einzigen Gefährtin langer Jahre – der letzten und einzigen Verwandten auf Erden."
2,Der Untergang des Hauses Usher,"Ihr Hinscheiden, sagte er mit einer Bitterkeit, die ich nie vergessen kann, würde ihn (ihn, den Hoffnungslosen, Gebrechlichen) als den Letzten des alten Geschlechtes der Usher zurücklassen."
2,Der Untergang des Hauses Usher,"Während er sprach, durchschritt Lady Magdalen – so hieß seine Schwester – langsam den entfernten Teil des Gemachs und verschwand, ohne meine Anwesenheit beachtet zu haben."
2,Der Untergang des Hauses Usher,"Ich betrachtete sie mit maßlosem Erstaunen, das nicht frei war von Entsetzen – und dennoch konnte ich mir keine Rechenschaft geben über das, was ich fühlte."
2,Der Untergang des Hauses Usher,"Wie Erstarrung kam es über mich, als meine Augen ihren entschwebenden Schritten folgten."
2,Der Untergang des Hauses Usher,"Als sich die Tür hinter ihr geschlossen hatte, suchte mein Blick unwillkürlich und begierig das Antlitz des Bruders – aber er hatte das Gesicht in den Händen vergraben, und ich konnte nur bemerken, daß seine mageren Finger, zwischen denen viele leidenschaftliche Tränen hindurchsickerten, von noch gespenstischerer Blässe waren als gewöhnlich."
2,Der Untergang des Hauses Usher,Schon lange hatte die Krankheit der Lady Magdalen der Geschicklichkeit der Ärzte gespottet.
2,Der Untergang des Hauses Usher,"Eine beständige Apathie, ein langsames Hinwelken und häufige, wenn auch vorübergehende Anfälle, vermutlich kataleptischer Natur, das war die ungewöhnliche Diagnose."
2,Der Untergang des Hauses Usher,Bislang hatte sie standhaft der Gewalt der Krankheit getrotzt und war noch nicht bettlägerig geworden.
2,Der Untergang des Hauses Usher,"Am Tage meiner Ankunft aber unterlag sie gegen Abend der vernichtenden Macht des Zerstörers – so berichtete ihr Bruder mir des Nachts in unaussprechlicher Aufregung, und ich erfuhr, daß der flüchtige Anblick, den ich von ihr gehabt, wohl auch der letzte gewesen sein werde – daß Lady Magdalen wenigstens lebend nicht mehr von mir erblickt würde."
2,Der Untergang des Hauses Usher,"In den nächsten Tagen wurde ihr Name weder von Usher noch von mir erwähnt; und während dieser Zeit war ich ernstlich und angestrengt bemüht, meinen Freund seinem Trübsinn zu entreißen."
2,Der Untergang des Hauses Usher,"Wir malten und lasen zusammen, oder ich lauschte wie im Traum seinen seltsamen Improvisationen auf der Gitarre."
2,Der Untergang des Hauses Usher,"Und wie nun eine innige und immer innigere Vertrautheit mich immer rückhaltloser eindringen ließ in die Tiefen seiner Seele, kam ich immer mehr zu der bitteren Erkenntnis, daß alle Versuche vergeblich sein mußten, ein Gemüt zu erheitern, dessen Schwermut wie eine ewig unwandelbare positive Eigenschaft sich ergoß und alle Dinge der Welt stetig und ausnahmslos mit düsteren Strahlen beflutete."
2,Der Untergang des Hauses Usher,"Ich werde stets ein Andenken bewahren an die vielen feierlich ernsten Stunden, die ich so allein mit dem Haupt des Hauses Usher zubrachte; dennoch ist es mir nicht möglich, einen Begriff zu geben von dem Charakter der Studien oder Beschäftigungen, in die er mich einspann oder zu denen er mich hinwies."
2,Der Untergang des Hauses Usher,"Sein übertriebener, ruheloser, geradezu krankhafter Idealismus warf auf all unser Tun einen schwefelig feurigen Glanz."
2,Der Untergang des Hauses Usher,"Seine langen improvisierten Klagegesänge werden mir ewig in den Ohren klingen; unter anderem habe ich in schmerzlichster, quälendster Erinnerung eine seltsame Variation – eine Paraphrase über ›Carl Maria von Webers letzte Gedanken‹."
2,Der Untergang des Hauses Usher,"Die Bildwerke, die seine rastlose Phantasie erstehen ließ und die seine Hand in wunderbar verschwommenen Strichen wiedergab, weckten in mir ein tödliches Grauen, das umso grausiger war, als ich nicht enträtseln konnte, weshalb diese Bilder mich so schauerlich berührten; so lebhaft sie mir auch vor Augen stehen – ich würde mich vergeblich bemühen, mehr von ihnen wiederzugeben als eben möglich ist, mit Worten flüchtig anzudeuten."
2,Der Untergang des Hauses Usher,"Durch die übertriebene Einfachheit, ja Nacktheit seiner Bilder fesselte er – erzwang er die Aufmerksamkeit."
2,Der Untergang des Hauses Usher,"Wenn je ein Sterblicher vermochte, eine Idee zu malen, so war es Roderick Usher."
2,Der Untergang des Hauses Usher,"Mich wenigstens überwältigte – unter den damals obwaltenden Umständen – bei den reinen Abstraktionen, die der Hypochonder wagte auf die Leinwand zu werfen –, mich überwältigte eine ganz unerhörte Ehrfurcht, von der ich nicht einen Schatten hatte empfinden können bei der Betrachtung der sicherlich glühenden, aber doch zu körperlichen Träume Füßlis."
2,Der Untergang des Hauses Usher,"Eines der phantastischen Gemälde meines Freundes, ein Bild, das nicht so streng abstrakt war, sei hier schattenhaft nachgezeichnet – so gut es Worte eben können."
2,Der Untergang des Hauses Usher,"Es war ein kleines Bild und zeigte das Innere eines ungeheuer langen rechtwinkligen Gewölbes oder Tunnels mit niederen, glatten weißen Mauern, die sich ohne jede Teilung schmucklos und endlos hinzogen."
2,Der Untergang des Hauses Usher,"Durch gewisse feine Andeutungen in der Zeichnung des Ganzen wurde im Beschauer der Gedanke erweckt, daß dieser Schacht sehr, sehr tief unter der Erde lag."
2,Der Untergang des Hauses Usher,"Nirgends fand sich in dieser Höhle eine Öffnung, und keine Fackel noch andere künstliche Lichtquelle war wahrnehmbar – dennoch quoll durch das Ganze eine Flut intensiver Strahlen und tauchte alles in eine gespenstische und ganz unvermutete Helligkeit."
2,Der Untergang des Hauses Usher,"Ich habe vorhin schon von der krankhaften Überreizung der Gehörsnerven gesprochen, die dem Leidenden alle Musik unerträglich machte, ausgenommen die Klangwirkung gewisser Saiteninstrumente."
2,Der Untergang des Hauses Usher,"Vielleicht war es hauptsächlich diese Einschränkung, durch die er auf die Gitarre angewiesen war, die seinen Vorträgen solch phantastischen Charakter lieh."
2,Der Untergang des Hauses Usher,Aber das erklärte noch nicht die feurige Lebendigkeit dieser Impromptus.
2,Der Untergang des Hauses Usher,"Sicherlich waren sie, sowohl was die Töne als was die Worte anbetraf (denn nicht selten begleitete er sein Spiel mit improvisierten Versgesängen), das Resultat jener intensiven geistigen Anspannung und Konzentration, von der ich schon früher erwähnte, daß sie nur in besonderen Momenten höchster künstlerischer Erregtheit bemerkbar war."
2,Der Untergang des Hauses Usher,Die Worte einer dieser Rhapsodien sind mir noch gut in Erinnerung.
2,Der Untergang des Hauses Usher,"Sie machten wohl einen um so gewaltigeren Eindruck auf mich, als ich in ihrem mystischen Inhalt eine verborgene Andeutung zu entdecken glaubte, daß Usher ein klares Bewußtsein davon habe, wie sehr seine erhabene Vernunft ins Wanken geraten sei."
2,Der Untergang des Hauses Usher,"Die Verse, die betitelt waren ›Der verzauberte Palast‹, lauteten ungefähr – wenn nicht wörtlich – so: In der Täler grünstem Tale Hat, von Engeln einst bewohnt, Gleich des Himmels Kathedrale Golddurchstrahlt ein Schloß gethront."
2,Der Untergang des Hauses Usher,Rings auf Erden diesem Schlosse Keines glich; Herrschte dort mit reichem Trosse Der Gedanke – königlich.
2,Der Untergang des Hauses Usher,"Gelber Fahnen Faltenschlagen Floß wie Sonnengold im Wind – Ach, es war in alten Tagen, Die nun längst vergangen sind!"
2,Der Untergang des Hauses Usher,"– Damals kosten süße Lüfte Lind den Ort, Zogen als beschwingte Düfte Von des Schlosses Wällen fort."
2,Der Untergang des Hauses Usher,"Wandrer in dem Tale schauten Durch der Fenster lichten Glanz, Geister zu dem Sang der Lauten Schreiten in gemeßnem Tanz Um den Thron, auf dem erhaben, Marmorschön, Würdig solcher Weihegaben War des Reiches Herr zu sehn."
2,Der Untergang des Hauses Usher,"Perlengleich, rubinenglutend War des stolzen Schlosses Tor, Ihm entschwebten flutend, flutend Süße Echos, die im Chor, Weithinklingend, froh besangen – Süße Pflicht!"
2,Der Untergang des Hauses Usher,– Ihres Königs hehres Prangen In der Weisheit Himmelslicht.
2,Der Untergang des Hauses Usher,"Doch Dämonen, schwarze Sorgen, Stürzten roh des Königs Thron."
2,Der Untergang des Hauses Usher,"– Trauert, Freunde, denn kein Morgen Wird ein Schloß wie dies umloh'n!"
2,Der Untergang des Hauses Usher,"Was da blühte, was da glühte – Herrlichkeit!"
2,Der Untergang des Hauses Usher,– Eine welke Märchenblüte Ist's aus längst begrabner Zeit.
2,Der Untergang des Hauses Usher,"Und durch glutenrote Fenster Werden heute Wandrer sehn Ungeheure Wahngespenster Grauenhaft im Tanz sich drehn; Aus dem Tor in wilden Wellen, Wie ein Meer, Lachend ekle Geister quellen – Ach, sie lächeln niemals mehr!"
2,Der Untergang des Hauses Usher,"Ich entsinne mich gut, daß diese Ballade uns auf ein Gespräch führte, in dem Usher eine seltsame Anschauung kundgab."
2,Der Untergang des Hauses Usher,"Ich erwähne diese Anschauung weniger darum, weil sie etwa besonders neu wäre (denn andere haben ähnliche Hypothesen aufgestellt), als wegen der Hartnäckigkeit, mit der Usher sie vertrat."
2,Der Untergang des Hauses Usher,"Seine Anschauung bestand in der Hauptsache darin, daß er den Pflanzen ein Empfindungsvermögen, eine Beseeltheit zuschrieb."
2,Der Untergang des Hauses Usher,Doch hatte in seinem verwirrten Geist diese Vorstellung einen kühneren Charakter angenommen und setzte sich in gewissen Grenzen auch ins Reich des Anorganischen fort.
2,Der Untergang des Hauses Usher,"Es fehlen mir die Worte, um die ganze Ausdehnung dieser Idee, um die unbeirrte Hingabe meines Freundes an sie auszudrücken."
2,Der Untergang des Hauses Usher,Dieser sein Glaube knüpfte sich (wie ich schon früher andeutete) eng an die grauen Quadern des Heims seiner Väter.
2,Der Untergang des Hauses Usher,"Die Vorbedingungen für solches Empfindungsvermögen waren hier, wie er sich einbildete, erfüllt in der Art der Anordnung der Steine, in dem sie zusammenhaltenden Bindemittel und ebenso auch in dem Pilzgeflecht, das sie überwucherte; ferner in den abgestorbenen Bäumen, die das Haus umgaben, und vor allem in dem nie gestörten, unveränderten Bestehen des Ganzen und in seiner Verdoppelung in den stillen Wassern des Teiches."
2,Der Untergang des Hauses Usher,"Der Beweis – der Beweis dieser Beseeltheit – sei, so sagte er, zu erblicken (und als er das aussprach, schrak ich zusammen) in der hier ganz allmählichen, jedoch unablässig fortschreitenden Verdichtung der Atmosphäre – in dem eigentümlichen Dunstkreis, der Wasser und Wälle umgab."
2,Der Untergang des Hauses Usher,"Die Wirkung dieser Erscheinung, fügte er hinzu, sei der lautlos und gräßlich zunehmende vernichtende Einfluß, den sie seit Jahrhunderten auf das Geschick seiner Familie ausgeübt habe; sie habe ihn zu dem gemacht, als den ich ihn jetzt erblicke – zu dem, was er nun sei."
2,Der Untergang des Hauses Usher,"– Solche Anschauungen bedürfen keines Kommentars, und ich füge ihnen daher nichts hinzu."
2,Der Untergang des Hauses Usher,"Unsere Bücher – die Bücher, die jahrelang des Kranken hauptsächliche Geistesnahrung gebildet hatten – entsprachen, wie vermutet werden konnte, diesem phantastischen Charakter."
2,Der Untergang des Hauses Usher,"Wir grübelten gemeinsam über solchen Werken wie ›Ververt et Chartreuse‹ von Grasset, ›Belphegor‹ von Macchiavelli, ›Himmel und Hölle‹ von Swedenborg, ›Die unterirdische Reise des Nicolaus Klimm‹ von Holberg, die Chiromantie von Robert Flud, von Jean d'Indaginé und von de la Chambre; brüteten über der ›Reise ins Blaue‹ von Tieck und der ›Stadt der Sonne‹ von Campanella."
2,Der Untergang des Hauses Usher,"Ein Lieblingsbuch war eine kleine Oktav-Ausgabe des ›Directorium Inquisitorium‹ des Dominikaners Emmerich von Gironne, und es gab Stellen in ›Pomponius Mela‹ über die alten afrikanischen Satyrn und Ögipans, vor denen Usher stundenlang träumend sitzen konnte."
2,Der Untergang des Hauses Usher,"Sein Hauptentzücken jedoch bildete das Studium eines sehr seltenen und seltsamen Buches in gotischem Quartformat – einem Handbuch einer vergessenen Kirche –, des ›Vigiliae Mortuorum secundum Chorum Ecclesiae Maguntinae‹."
2,Der Untergang des Hauses Usher,"Ich konnte nicht anders, als an das seltsame Ritual dieses Werkes und seinen wahrscheinlichen Einfluß auf den Schwermütigen denken, als er eines Abends, nachdem er mir kurz mitgeteilt hatte, daß Lady Magdalen nicht mehr sei, seine Absicht äußerte, den Leichnam vor seiner endgültigen Beerdigung in einer der zahlreichen Grüfte innerhalb der Grundmauern des Gebäudes aufzubewahren."
2,Der Untergang des Hauses Usher,"Die rein äußere Ursache, die er für dieses Vorgehen angab, war solcher Art, daß ich mich nicht aufgelegt fühlte, darüber zu diskutieren."
2,Der Untergang des Hauses Usher,"Er, der Bruder, war (wie er mir sagte) zu diesem Entschluß gekommen infolge des ungewöhnlichen Charakters der Krankheit der Dahingeschiedenen, infolge gewisser eifriger und eindringlicher Fragen ihres Arztes und infolge der abgelegenen und einsamen Lage des Begräbnisplatzes der Familie."
2,Der Untergang des Hauses Usher,"Ich will nicht leugnen, daß, wenn ich mir das finstere Gesicht des Mannes ins Gedächtnis rief, dem ich am Tage meiner Ankunft auf der Treppe begegnete – daß ich dann kein Verlangen hatte, einer Sache zu widersprechen, die ich nur als eine harmlose und keineswegs unnatürliche Vorsichtsmaßregel ansah."
2,Der Untergang des Hauses Usher,Auf Bitten Ushers half ich ihm bei den Vorkehrungen für die vorläufige Bestattung.
2,Der Untergang des Hauses Usher,"Nachdem der Körper eingesargt worden war, trugen wir ihn beide ganz allein zu seiner Ruhestätte."
2,Der Untergang des Hauses Usher,"Die Gruft, in der wir ihn beisetzten, war so lange nicht geöffnet worden, daß unsere Fackeln in der drückenden Atmosphäre fast erstickten und uns nur wenig gestatteten, Umschau zu halten."
2,Der Untergang des Hauses Usher,"Die Gruft war eng, dumpfig und ohne jegliche Öffnung, die Licht hätte einlassen können; sie lag in beträchtlicher Tiefe, genau unter dem Teil des Hauses, in dem sich mein eigenes Schlafgemach befand."
2,Der Untergang des Hauses Usher,"Augenscheinlich hatte sie in früheren Zeiten der Feudalherrschaft als Burgverlies übelste Verwendung gefunden und hatte später als Lagerraum für Pulver oder sonst einen leicht entzündlichen Stoff gedient, denn ein Teil ihres Fußbodens sowie das ganze Innere eines langen Bogenganges, von dem aus wir das Gewölbe erreichten, war sorgfältig mit Kupfer bekleidet."
2,Der Untergang des Hauses Usher,Die Tür aus massivem Eisen hatte ähnliche Schutzvorrichtungen.
2,Der Untergang des Hauses Usher,"Ihr ungeheures Gewicht brachte einen ungewöhnlich scharfen kreischenden Laut hervor, als sie sich schwerfällig in den Angeln drehte."
2,Der Untergang des Hauses Usher,"Nachdem wir unsere traurige Bürde an diesem Ort des Grauens auf ein vorbereitetes Gestell niedergesetzt hatten, schoben wir den noch lose aufliegenden Deckel des Sarges ein wenig zur Seite und blickten in das Antlitz der Ruhenden."
2,Der Untergang des Hauses Usher,"Eine verblüffende Ähnlichkeit zwischen Bruder und Schwester fesselte jetzt zum erstenmal meine Aufmerksamkeit, und Usher, der vielleicht meine Gedanken erriet, murmelte ein paar Worte, denen ich entnahm, daß die Verstorbene und er Zwillinge gewesen waren, und daß Sympathien ganz ungewöhnlicher Natur stets zwischen ihnen bestanden hatten."
2,Der Untergang des Hauses Usher,Unsere Blicke ruhten jedoch nicht lange auf der Toten – denn wir konnten sie nicht ohne Ergriffenheit und Grausen betrachten.
2,Der Untergang des Hauses Usher,"Das Leiden, das die Lady so in der Blüte der Jugend ins Grab gebracht, hatte – wie es bei Erkrankungen ausgesprochen kataleptischer Art gewöhnlich der Fall ist – auf Hals und Antlitz so etwas wie eine schwache Röte zurückgelassen und den Lippen ein argwöhnisch lauerndes Lächeln gegeben, das so schrecklich ist bei Toten."
2,Der Untergang des Hauses Usher,"Wir setzten den Deckel wieder auf, schraubten ihn fest, und nachdem wir die Eisentüre wieder verschlossen hatten, nahmen wir mit Mühe unsern Weg hinauf in die kaum weniger düsteren Räumlichkeiten des oberen Stockwerkes."
2,Der Untergang des Hauses Usher,"Und jetzt, nachdem einige Tage bittersten Kummers vergangen waren, trat in der Geistesverwirrung meines Freundes eine merkliche Änderung ein."
2,Der Untergang des Hauses Usher,Sein ganzes Wesen wurde ein anderes.
2,Der Untergang des Hauses Usher,Seine gewöhnlichen Beschäftigungen wurden vernachlässigt oder vergessen.
2,Der Untergang des Hauses Usher,"Er schweifte von Zimmer zu Zimmer mit eiligem, unsicherem und ziellosem Schritt."
2,Der Untergang des Hauses Usher,Die Blässe seines Gesichts war womöglich noch gespenstischer geworden – aber der feurige Glanz seiner Augen war ganz erloschen.
2,Der Untergang des Hauses Usher,"Die gelegentliche Heiserkeit seiner Stimme war nicht mehr zu hören, und ein Zittern und Schwanken, wie von namenlosem Entsetzen, durchbebte gewöhnlich seine Worte."
2,Der Untergang des Hauses Usher,"Es gab in der Tat Zeiten, wo ich vermeinte, sein unablässig arbeitender Geist kämpfe mit irgendeinem drückenden Geheimnis, zu dessen Bekenntnis er nicht den Mut finden könne."
2,Der Untergang des Hauses Usher,"Zu andern Zeiten wieder war ich gezwungen, alles lediglich als Äußerungen seiner seltsamen Krankheit aufzufassen, denn ich sah, wie er stundenlang ins Leere starrte – und zwar mit dem Ausdruck tiefster Aufmerksamkeit, als lauschte er irgendeinem eingebildeten Geräusch."
2,Der Untergang des Hauses Usher,"Es war kein Wunder, daß sein Zustand mich erschreckte, mich ansteckte."
2,Der Untergang des Hauses Usher,"Ich fühlte, wie sich ganz allmählich, doch unablässig seine seltsamen Wahnvorstellungen, die er mir niemals mitteilte, in mich hineinfraßen."
2,Der Untergang des Hauses Usher,"Es war besonders in der Nacht des siebenten oder achten Tages nach der Bestattung der Lady Magdalen in der Gruft, als ich mich sehr spät zum Schlafen zurückgezogen hatte, daß ich die volle Gewalt dieser Empfindungen erfuhr."
2,Der Untergang des Hauses Usher,"Kein Schlaf nahte sich meinem Lager, während die Stunden träge dahinkrochen."
2,Der Untergang des Hauses Usher,"Ich bemühte mich, der Nervosität, die mich ergriffen hatte, Herr zu werden."
2,Der Untergang des Hauses Usher,"Ich suchte mich zu überzeugen, daß an vielem – wenn nicht an allem –, was ich fühlte, die unheimliche Einrichtung des Gemachs schuld sei; denn es war unheimlich, wie die dunklen und zerschlissenen Wandteppiche, vom Atem eines nahenden Sturmes bewegt, stoßweise auf- und niederschwankten und gegen die Verzierungen des Bettes raschelten."
2,Der Untergang des Hauses Usher,Aber meine Anstrengungen waren fruchtlos.
2,Der Untergang des Hauses Usher,"Ein nicht abzuschüttelndes Grauen durchbebte meinen Körper, und schließlich hockte auf meinem Herzen ein Alp – ein furchtbarstes Entsetzen."
2,Der Untergang des Hauses Usher,"Mit einem tiefen Atemzug rang ich mich frei aus diesem Bann und setzte mich im Bette auf, ich spähte angestrengt in das undurchdringliche Dunkel des Zimmers und lauschte – wie getrieben von seltsamen instinktiven Ahnungen – auf gewisse dumpfe, unbestimmbare Laute, die, wenn der Sturm schwieg, in langen Zwischenräumen von irgendwoher zu mir drangen."
2,Der Untergang des Hauses Usher,"Überwältigt von unbeschreiblichem Entsetzen, das mir ebenso unerträglich wie unerklärlich schien, warf ich mich hastig in die Kleider (denn ich fühlte, daß ich in dieser Nacht doch keinen Schlaf mehr finden würde) und versuchte, mich aus meinem jammervollen Zustand aufzuraffen, indem ich eilig im Zimmer auf- und abwandelte."
2,Der Untergang des Hauses Usher,"Ich war erst ein paarmal so hin und her gegangen, als ein leichter Tritt auf der benachbarten Treppe meine Aufmerksamkeit erregte."
2,Der Untergang des Hauses Usher,Ich erkannte sogleich Ushers Schritt.
2,Der Untergang des Hauses Usher,Einen Augenblick später klopfte er leise an meine Tür und trat mit einer Lampe in der Hand ein.
2,Der Untergang des Hauses Usher,Sein Gesicht war wie immer leichenhaft blaß – aber schrecklicher war der Ausdruck seiner Augen: wie eine irrsinnige Heiterkeit flammte es aus ihnen – sein ganzes Gebaren zeigte eine mühsam gebändigte hysterische Aufregung.
2,Der Untergang des Hauses Usher,"Sein Ausdruck entsetzte mich – doch alles schien erträglicher als diese fürchterliche Einsamkeit, und ich begrüßte sein Kommen wie eine Erlösung."
2,Der Untergang des Hauses Usher,"»Und du hast es nicht gesehen?« sagte er unvermittelt, nachdem er einige Augenblicke schweigend um sich geblickt hatte."
2,Der Untergang des Hauses Usher,»Du hast es also nicht gesehen?
2,Der Untergang des Hauses Usher,"– Doch halt, du sollst!« Mit diesen Worten beschattete er sorgsam seine Lampe und lief dann an eins der Fenster, das er dem Sturm weit öffnete."
2,Der Untergang des Hauses Usher,Die ungeheure Wut des hereinstürmenden Orkans hob uns fast vom Boden empor.
2,Der Untergang des Hauses Usher,"Es war wirklich eine sturmrasende, aber doch sehr schöne Nacht –, eine Nacht, die grausig seltsam war in Schrecken und in Pracht."
2,Der Untergang des Hauses Usher,"Ganz in unserer Nachbarschaft mußte sich ein Wirbelwind erhoben haben, denn die Windstöße änderten häufig ihre Richtung."
2,Der Untergang des Hauses Usher,"Die ungewöhnliche Dichtigkeit der Wolken, die so tief hingen, als lasteten sie auf den Türmen des Hauses, verhinderte nicht die Wahrnehmung, daß sie wie mit bewußter Hast aus allen Richtungen herbeijagten und ineinanderstürzten – ohne aber weiterzuziehen."
2,Der Untergang des Hauses Usher,"Ich sage: selbst ihre ungewöhnliche Dichtigkeit verhinderte uns nicht, dies wahrzunehmen – dennoch erblickten wir keinen Schimmer vom Mond oder von den Sternen – ebensowenig aber einen Blitzstrahl."
2,Der Untergang des Hauses Usher,"Doch die unteren Flächen der jagenden Wolkenmassen und alle umgebenden Dinge draußen im Freien glühten im unnatürlichen Licht eines schwach leuchtenden und deutlich sichtbaren gasartigen Dunstes, der das Haus umgab und einhüllte."
2,Der Untergang des Hauses Usher,"»Du darfst – du sollst das nicht sehen!« sagte ich schaudernd zu Usher, als ich ihn mit sanfter Gewalt vom Fenster fort zu einem Sessel führte."
2,Der Untergang des Hauses Usher,"»Diese Erscheinungen, die dich erschrecken, sind nichts Ungewöhnliches; es sind elektrische Ausstrahlungen – vielleicht auch verdanken sie ihr gespenstisches Dasein der schwülen Ausdünstung des Teiches."
2,Der Untergang des Hauses Usher,Wir wollen das Fenster schließen; die Luft ist kühl und dir sehr unzuträglich.
2,Der Untergang des Hauses Usher,– Hier ist eines deiner Lieblingsbücher.
2,Der Untergang des Hauses Usher,"Ich will vorlesen und du sollst zuhören, und so wollen wir diese fürchterliche Nacht zusammen verbringen.« Der alte Band, den ich zur Hand genommen hatte, war der ›Mad Trist‹ von Sir Launcelot Canning, aber ich hatte ihn mehr in traurigem Scherz als im Ernst Ushers Lieblingsbuch genannt; denn in Wahrheit ist in seiner ungefügten und phantasielosen Weitschweifigkeit wenig, was für den scharfsinnigen und idealen Geist meines Freundes von Interesse sein konnte."
2,Der Untergang des Hauses Usher,"Es war jedoch das einzige Buch, das ich zur Hand hatte, und ich nährte eine schwache Hoffnung, der aufgeregte Zustand des Hypochonders möge Beruhigung finden (denn die Geschichte geistiger Zerrüttung weist solche Widersprüche auf) in den tollen Übertriebenheiten, die ich lesen wollte."
2,Der Untergang des Hauses Usher,"Hätte ich wirklich nach der gespannten, ja leidenschaftlichen Aufmerksamkeit schließen dürfen, mit der er mir zuhörte – oder zuzuhören schien –, so hätte ich mir zu dem Erfolg meines Vorhabens Glück wünschen dürfen."
2,Der Untergang des Hauses Usher,"Ich war in der Erzählung bei der allbekannten Stelle angelangt, wo Ethelred, der Held des ›Trist‹, nachdem er vergeblich friedlichen Einlaß in die Hütte des Klausners zu bekommen versucht hatte, sich anschickt, den Eintritt durch Gewalt zu erzwingen."
2,Der Untergang des Hauses Usher,"Hier lautet der Text, wie man sich erinnern wird, so: »Und Ethelred, der von Natur ein mannhaft Herz hatte und der nun, nachdem er den kräftigen Wein getrunken, sich unermeßlich stark fühlte, begnügte sich nicht länger, mit dem Klausner Zwiesprach zu halten, der wirklich voll Trotz und Bosheit war, sondern da er auf seinen Schultern schon den Regen fühlte und den herannahenden Sturm fürchtete, schwang er seinen Streitkolben hoch hinaus und schaffte in den Planken der Tür schnell Raum für seine behandschuhte Hand; und nun faßte er derb zu und zerkrachte und zerbrach – und riß alles zusammen, daß der Lärm des dürren, dumpf krachenden Holzes durch den ganzen Wald schallte und widerhallte.« Bei Beendigung dieses Satzes fuhr ich auf und hielt mit Lesen inne, denn es schien mir so (obwohl ich sofort überlegte, daß meine erhitzte Phantasie mich getäuscht haben müsse), als kämen aus einem ganz entlegenen Teile des Hauses Geräusche her, die ein vollkommenes sehr fernes Echo hätten sein können von jenem Krachen und Bersten, das Sir Launcelot so charakteristisch beschrieben hatte."
2,Der Untergang des Hauses Usher,"Zweifellos war es nur das Zusammentreffen irgendeines Geräusches mit meinen Worten, das meine Aufmerksamkeit gefesselt hatte."
2,Der Untergang des Hauses Usher,"Denn inmitten des Rüttelns der Fensterläden und der vielfältigen Lärmlaute des anwachsenden Sturmes hatte der Laut an sich sicherlich nichts, was mich interessiert oder gestört haben könnte."
2,Der Untergang des Hauses Usher,"Ich fuhr in der Erzählung fort: »Aber als der werte Held Ethelred jetzt in die Türe trat, geriet er bald in Wut und Bestürzung, kein Zeichen des boshaften Klausners zu bemerken, sondern statt seiner ein ungeheurer schuppenrasselnder Drachen mit feuriger Zunge, der als Hüter vor einem goldenen Palast mit silbernem Fußboden ruhte."
2,Der Untergang des Hauses Usher,"Und an der Mauer hing ein Schild aus schimmerndem Stahl mit der Inschrift: ›Wer hier herein will dringen, den Drachen muß er bezwingen; Ein Held wird er sein, den Schild sich erringen.‹ Und Ethelred schwang seinen Streitkolben und schmetterte ihn auf den Schädel des Drachen, der zusammenbrach und seinen üblen Odem aufgab, und dieses mit einem so gräßlichen und schrillen und durchdringenden Schrei, daß Ethelred sich gern die Ohren zugehalten hätte vor dem schrecklichen Laut, desgleichen hievor niemalen erhört gewesen war.« Hier hielt ich wieder bestürzt inne – und diesmal mit schauderndem Entsetzen –, denn es konnte kein Zweifel sein, daß ich in diesem Augenblick (wennschon es mir unmöglich war, anzugeben, aus welcher Richtung) einen dumpfen und offenbar entfernten, aber schrillen, langgezogenen, kreischenden Laut vernommen hatte – das vollkommene Gegenstück zu dem unnatürlichen Aufschrei des Drachen, wie der Dichter ihn beschrieb."
2,Der Untergang des Hauses Usher,"Obwohl ich durch dies zweite und höchst seltsame Zusammentreffen erschreckt war und tausend widerstreitende Empfindungen, in denen Erstaunen und äußerstes Entsetzen vorherrschten, mich bestürmten, hatte ich dennoch Geistesgegenwart genug, nicht etwa durch eine diesbezügliche Bemerkung die Nervosität meines Gefährten noch zu steigern."
2,Der Untergang des Hauses Usher,"Ich war keineswegs sicher, daß er die in Frage stehenden Laute vernommen hatte, obgleich allerdings während der letzten Minuten eine sonderbare Veränderung mit ihm vorgegangen war."
2,Der Untergang des Hauses Usher,"Anfänglich hatte er mir gegenüber gesessen, so daß ich ihm voll ins Gesicht sehen konnte; nach und nach aber hatte er seinen Stuhl so herumgedreht, daß er nun mit dem Gesicht zur Türe schaute."
2,Der Untergang des Hauses Usher,"Ich konnte daher seine Züge nur teilweise erblicken, doch sah ich, daß seine Lippen zitterten, als flüstere er leise vor sich hin."
2,Der Untergang des Hauses Usher,"Der Kopf war ihm auf die Brust gesunken, aber ich wußte, daß er nicht schlief, denn sein Profil zeigte mir seine weit und starr geöffneten Augen, und sein Körper bewegte sich unausgesetzt sanft und einförmig hin und her."
2,Der Untergang des Hauses Usher,"Dies alles hatte ich mit raschem Blick erfaßt und nahm nun die Erzählung Sir Launcelots wieder auf: »Und nun, da der Held der schrecklichen Wut des Drachen entronnen war und sich des stählernen Schildes erinnerte, dessen Zauber nun gebrochen, räumte er den Kadaver beiseite und schritt über das silberne Pflaster kühn hin zu dem Schild an der Wand."
2,Der Untergang des Hauses Usher,"Der aber wartete nicht, bis er herangekommen war, sondern stürzte zu seinen Füßen auf den Silberboden nieder, mit gewaltig schmetterndem, furchtbar dröhnendem Getöse.« Kaum hatten meine Lippen diese Worte gesprochen, da vernahm ich – als sei in der Tat ein eherner Schild schwer auf einen silbernen Boden gestürzt – deutlich, aber gedämpft, einen metallisch dröhnenden Widerhall."
2,Der Untergang des Hauses Usher,"Gänzlich entnervt sprang ich auf die Füße, aber die taktmäßige Schaukelbewegung Ushers dauerte fort."
2,Der Untergang des Hauses Usher,"Ich stürzte zu dem Stuhl, in dem er saß."
2,Der Untergang des Hauses Usher,"Sein Blick war stier geradeaus gerichtet, und sein Antlitz schien wie zu Stein erstarrt."
2,Der Untergang des Hauses Usher,"Aber als ich die Hand auf seine Schulter legte, befiel ein heftiges Zittern seine ganze Gestalt; ein krankes Lächeln zuckte um seinen Mund, und ich sah, daß er leise hastend und stotternd vor sich hin murmelte, so, als wisse er nichts von meiner Anwesenheit."
2,Der Untergang des Hauses Usher,"Mich tief zu ihm hinabbeugend, trank ich schließlich den scheußlichen Sinn seiner Worte ein: »Es nicht hören?"
2,Der Untergang des Hauses Usher,"– Oh, ich höre es wohl und habe es gehört."
2,Der Untergang des Hauses Usher,"Lange – lange – lange – viele Minuten, viele Stunden, viele Tage habe ich es gehört – aber ich wagte nicht – oh, bedaure mich – elender Schurke, der ich bin!"
2,Der Untergang des Hauses Usher,"– Ich wagte nicht, ich wagte nicht zu reden!"
2,Der Untergang des Hauses Usher,Wir haben sie lebendig ins Grab gelegt!
2,Der Untergang des Hauses Usher,"Sagte ich nicht, meine Sinne seien scharf?"
2,Der Untergang des Hauses Usher,"Ich sage dir jetzt, daß ich ihre ersten schwachen Bewegungen im dumpfen Sarge hörte."
2,Der Untergang des Hauses Usher,"Ich hörte sie – vor vielen, vielen Tagen schon – dennoch wagte ich nicht – ich wagte nicht zu reden!"
2,Der Untergang des Hauses Usher,– Und jetzt – heute nacht – Ethelred – ha!
2,Der Untergang des Hauses Usher,ha!
2,Der Untergang des Hauses Usher,"– Das Aufbrechen der Tür des Klausners, und der Todesschrei des Drachen, und das Dröhnen des Schildes!"
2,Der Untergang des Hauses Usher,"– Sage lieber: das Zerbersten ihres Sarges, und das Kreischen der eisernen Angeln ihres Gefängnisses, und ihr qualvolles Vorwärtskämpfen durch den kupfernen Bogengang des Gewölbes."
2,Der Untergang des Hauses Usher,"Oh, wohin soll ich fliehen?"
2,Der Untergang des Hauses Usher,Wird sie nicht gleich hier sein?
2,Der Untergang des Hauses Usher,"Wird sie nicht eilen, um mir meine Eile vorzuwerfen?"
2,Der Untergang des Hauses Usher,Hörte ich nicht schon ihren Tritt auf der Treppe?
2,Der Untergang des Hauses Usher,Kann ich nicht schon das schwere und schreckliche Schlagen ihres Herzens vernehmen?
2,Der Untergang des Hauses Usher,"Wahnsinniger!« – hier sprang er wie rasend auf und kreischte, als wolle er mit diesen Worten seine Seele hinausbrüllen – »Wahnsinniger!"
2,Der Untergang des Hauses Usher,"Ich sage dir, daß sie jetzt draußen vor der Türe steht!« Als läge in der übermenschlichen Kraft dieses Ausrufes die Macht eines Zaubers – so rissen jetzt die riesigen alten Türflügel, auf die der Sprecher hinzeigte, ihre gewaltigen ebenholzenen Kinnladen auf."
2,Der Untergang des Hauses Usher,"Es war das Werk des rasenden Sturmes – aber siehe – draußen vor der Türe stand leibhaftig die hohe, ins Leichentuch gehüllte Gestalt der Lady Magdalen Usher."
2,Der Untergang des Hauses Usher,"Es war Blut auf ihrer weißen Gewandung, und die Spuren eines erbitterten Kampfes waren überall an ihrem abgezehrten Körper zu erkennen."
2,Der Untergang des Hauses Usher,"Einen Augenblick blieb sie zitternd und taumelnd auf der Schwelle stehen – dann fiel sie mit einem leisen schmerzlichen Aufschrei ins Zimmer auf den Körper ihres Bruders – und in ihrem heftigen und nun endgültigen Todeskampf riß sie ihn tot zu Boden – ein Opfer der Schrecken, die er vorausempfunden hatte."
2,Der Untergang des Hauses Usher,Wie verfolgt entfloh ich aus diesem Gemach und diesem Hause.
2,Der Untergang des Hauses Usher,"Draußen tobte das Unwetter in unverminderter Heftigkeit, als ich den alten Teichdamm kreuzte."
2,Der Untergang des Hauses Usher,"Plötzlich schoß ein unheimliches Licht quer über den Pfad, und ich blickte zurück, um zu sehen, woher ein so ungewöhnlicher Glanz kommen könne, denn hinter mir lagen allein das weite Schloß und seine Schatten."
2,Der Untergang des Hauses Usher,"Der Strahl war Mondglanz, und der volle, untergehende, blutrote Mond schien jetzt hell durch den einst kaum wahrnehmbaren Riß, von dem ich bereits früher sagte, daß er vom Dach des Hauses im Zickzack bis zum Erdboden lief."
2,Der Untergang des Hauses Usher,"Während ich hinstarrte, erweiterte sich dieser Riß mit unheimlicher Schnelligkeit; ein wütender Stoß des Wirbelsturms kam; das volle Rund des Satelliten wurde in dem breit aufgerissenen Spalt sichtbar; mein Geist wankte, als ich jetzt die gewaltigen Mauern auseinanderbersten sah; es folgte ein langes tosendes Krachen wie das Getöse von tausend Wasserfällen, und der tiefe und schwarze Teich zu meinen Füßen schloß sich finster und schweigend über den Trümmern des ›Hauses Usher‹."
3,Der Fremde,"Wenn sich Jemand die Mühe giebt, irgend eine Geschichte ernsthaft zu erzählen, so ist es die Pflicht der Zuhörer aufmerksam zu sein, und wenigstens nach dem Schein seinen Erzählungen Glauben beizumessen."
3,Der Fremde,"Aber bei jeder Geschichte, die sich nur etwas über das Alltägliche erhebt, auszurufen: credat Judaeus Apella!"
3,Der Fremde,"mit der Zweifelsucht dem Verfasser queer über den Weg zu laufen, ist äußerst unartig; wenn der Leser alles besser weiß, so sollte er, meines Bedünkens nach, gar nicht mehr lesen."
3,Der Fremde,"Ich flehe daher die Gutherzigkeit aller an, die diese Erzählung aufschlagen, mir doch ja auf mein Wort zu glauben, nicht die Belege aus Akten zu fordern, und einem Schriftsteller soviel Ehrgefühl zuzutrauen, daß er nicht eine ganze hochansehnliche Versammlung vorsätzlich mit Lügen wird hintergehen wollen."
3,Der Fremde,"Ich hoffe, der Verfasser des Genius und der Memoir's des Grafen von G... hat nicht den Schriftstellerglauben so sehr durchlöchert, daß nicht noch mancher derbere Leser in dem Netze sollte stecken bleiben."
3,Der Fremde,"Sind Sie aber in einer sehr ungläubigen Stimmung, so machen Sie Feuer im Kamin, setzen Sie sich dicht umher, und löschen Sie das Licht aus."
3,Der Fremde,"Lassen Sie die Feuerbrände ihr mattes auf- und niederschießendes Licht im Zimmer verbreiten, und dann nehmen Sie das Buch und fangen Sie an zu lesen: ich habe immer gefunden, daß ein Kaminfeuer die Phantasie erhebt, und den vorlauten Verstand etwas zum Schweigen bringt, und damit in nachfolgender Erzählung ja nicht zuviel Verstand hineingerathen möchte, schreibe ich sie vorsorglicherweise ebenfalls beim Kaminfeuer."
3,Der Fremde,"Es gab eine Zeit, da sich viele von den beliebtesten Historien anfingen: »Es war einmal ein Mann« u.s.w."
3,Der Fremde,"Es sollte mir nicht viel Mühe und Scharfsinn kosten um zu beweisen, daß dies die wahre Art sei, eine Erzählung anzufangen; ich will aus diesem Anfange gewiß eben so viel herausbringen, als manche Commentatoren aus den ersten Versen des Homer demonstrirt haben."
3,Der Fremde,"Die Aufmerksamkeit wird sogleich unmittelbar auf den Hauptgegenstand gelenkt, mit dessen Lage und Beschaffenheit man sogleich bekannt gemacht wird."
3,Der Fremde,"Zu diesem Mittelpunkte drängen sich dann alle Theile der Geschichte, und man steht unvermerkt mitten in der Verwickelung."
3,Der Fremde,"– Also: Es war einmal ein Man, der war jung, schön und reich."
3,Der Fremde,Er liebte ein Mädchen und ward von ihr wieder geliebt.
3,Der Fremde,Seine Aussicht in die Zukunft war die heiterste.
3,Der Fremde,"Seine Liebe war nicht die Wirkung einer plötzlichen Laune, die immer eben so schnell verblüht, als sie entsteht, sondern ein vertrauter freundschaftlicher Umgang hatte seit Jahren diese Liebe gegründet."
3,Der Fremde,"Friedrich Löwenstein und Amalie Willmann waren im Blüthenalter des Lebens, sie empfanden das reine Glück einer unschuldigen ungestörten Liebe, sie überließen sich ruhig der wechselnden Zeit, die für sie nur ein breiter glänzender Strom des Vergnügens war."
3,Der Fremde,"Beider Eltern hatten von Jugend auf ihre Liebe begünstigt, man setzte schon den Tag zur Verlobung fest, als das Ziel ihrer Wünsche noch weiter zurück gerückt ward."
3,Der Fremde,"Löwenstein mußte abreisen, um in einer entlegenen Gegend eine Erbschaft zu heben, deren Ueberlieferung man sich dort widersetzte."
3,Der Fremde,"Er nahm von Amalien zärtlichen Abschied, beide trösteten sich mit dem Gedanken, daß sie sich sehr bald wiedersehen würden."
3,Der Fremde,Löwenstein reiste ab.
3,Der Fremde,"In seinem ersten Briefe meldete er sogleich, daß die Schwierigkeiten größer wären, als er sie sich vorgestellt habe, daß ihm ein Prozeß drohe, bei welchem er gegenwärtig sein müsse, und daß er leider nur durch Schrift zu seiner Geliebten sprechen könne."
3,Der Fremde,"Amalie war betrübt, und tröstete sich nur durch die häufigen Briefe, die sie schrieb und empfing."
3,Der Fremde,"Der junge Lindner kam jetzt von seinen Reisen zurück, ein Mensch, mit dem Amalie schon in der Jugend bekannt gewesen war."
3,Der Fremde,"Seine Familie war eine von den angesehensten in der Provinzialstadt, in welcher Amalie wohnte; man besuchte sich gegenseitig, und Lindner zeichnete sehr bald Amalien von allen übrigen Freundinnen aus."
3,Der Fremde,"Er war ein schöner Mann, der sich völlig auf der Reise gebildet hatte, er erzählte mit vielem Interesse von den Gegenständen, die er gesehen, und von den kleinen Abentheuern, die er bestanden hatte."
3,Der Fremde,"Da er sehr lebhaft und geistreich war, verstand er die Kunst, auch das Uninteressanteste anziehend zu machen."
3,Der Fremde,"Aber Amalie suchte sehr bald seine Gesellschaft zu vermeiden, denn seine Auszeichnung setzte sie in Verlegenheit, und der feurige Blick, der zuweilen ihrem Auge begegnete, machte sie erröthen."
3,Der Fremde,"Lindner bemerkte dieses Zurückziehen, und um so eifriger drängte er sich ihr auf, alle seine Bemühungen waren nur nach ihr gerichtet, sein Witz strebte nur nach ihrem belohnenden Lächeln."
3,Der Fremde,"Er war in einem unaufhörlichen Zweikampf mit Amaliens Blicken begriffen, ihr Auge machte ihn verlegen, und doch that es ihm wohl, wenn es auf ihm ruhte."
3,Der Fremde,"So vergingen Tage und Wochen, und Lindner bemerkte endlich, daß er Amalien liebe; eine Entdeckung, die ihn außerordentlich niederschlug, weil er wußte, daß sie mit Löwenstein versprochen sei."
3,Der Fremde,"Er zwang sich seine Leidenschaft zu unterdrücken, aber seine Vernunft war schwächer als seine Liebe, er verlor Schlaf und Munterkeit, und der blühende Jüngling ging bleich und abgezehrt wie ein Schwindsüchtiger umher.– Er entdeckte sich seinem Vater, der alles für seinen einzigen Sohn anzuwenden versprach."
3,Der Fremde,"Er ging auch wirklich und stellte die ganze Lage der Sachen den Eltern Amaliens in das hellste Licht, er sprach mit dem Mädchen selber, aber er kam ohne Trost zu seinem Sohne zurück."
3,Der Fremde,"Dieser überließ sich nun gänzlich seiner Schwermuth; die heftige Liebe ist zu eigensinnig, um den Vorstellungen und Bitten der Freunde und Verwandten Gehör zu geben."
3,Der Fremde,"Er war jetzt immer allein, sein liebster Aufenthalt war der Kirchhof, wo er unaufhörlich vor dem Erbbegräbniß seiner Familie auf- und niederging, und den Stamm einer Linde mit seinen Thränen benetzte, in welchen Amalie einst auf einem ihrer Spaziergänge zum Scherz ihren Namen geschnitten hatte."
3,Der Fremde,"Es währte nicht lange, so zog ihm die zu große Spannung der Seele ein hitziges Fieber zu, an welchem er starb."
3,Der Fremde,"Seine Eltern sahen ihn schweigend und weinend in die Gruft setzen, in welcher sie vor ihrem Sohne hatten ruhen wollen."
3,Der Fremde,"Der Vorhang fiel rauschend vor der Bühne ihres Lebens und ihrer Hoffnungen nieder, sie hatten jetzt in der Welt nichts weiter zu thun, als ihren Sohn zu beweinen und zu sterben."
3,Der Fremde,"Amalie war über diesen unglücklichen Vorfall äußerst betrübt, sie schrieb ihrem Geliebten alle Umstände dieser traurigen Begebenheit, der ihr dafür die erfreuliche Nachricht gab, daß er nun die frohe Aussicht habe, in wenigen Wochen seine verdrießlichen Geschäfte zu beendigen, und dann auf den Flügeln der Liebe zu ihr zurückzueilen."
3,Der Fremde,"Mit Sehnsucht erwartete Amalie die Ankunft Löwensteins; dieser eilte so sehr es nur möglich war, um den höchsten Freuden des Lebens in die Arme zu fliegen."
3,Der Fremde,"Alles war geendigt, Löwenstein rasselte über die Chausseen nach seiner Heimath zurück, seine Liebe erschien ihm bei seiner langen Abwesenheit in einem ganz neuen Gewande, er nahm sich nicht die Mühe die Gegenstände um sich her anzublicken, denn Amaliens Bildniß füllte einzig seine Seele und seine Augen, so daß er sie allenthalben wandeln sahe, in jedem grünen Busche, auf jedem Fußsteige, zwischen den Kornfeldern; in dem vor ihm fahrenden Wagen konnte Niemand anders als Amalie sitzen, und er ließ dann so schnell fahren, als wenn ihm seine Geliebte entfliehen wollte, um in den fremden Wagen hinein zu sehen und sich betrogen zu finden."
3,Der Fremde,"– Der fremde Boden eilte unter ihm hinweg, und er begrüßte freudig die Gränze seines Vaterlandes."
3,Der Fremde,"Jedes Dorf und jeder Baum kam ihm hier schon so vertraut und freundschaftlich vor, er versenkte oft seinen Blick in den kühlen Schatten der Gebüsche, und sprach wie im Traume nur von ihr, er redete sie schon an und fragte, was sie mache, und horchte dann auf das Gesäusel der Baumwipfel über sich, um sich aus den unverständlichen Accenten eine süße Antwort herauszuhören."
3,Der Fremde,"Das freundlichste Abendroth stand auf den Hügeln, als er nur noch ohngefähr eine Meile von seinem Wohnorte entfernt war; er bildete sich ein, in der rothen Gluth schon die Spitzen der vaterstädtischen Thürme zu entdecken, als durch einen Stoß das Rad von der gebrochenen Axe ablief, und der Wagen im Felde stehen bleiben mußte."
3,Der Fremde,"Löwensteins Unruhe war zu heftig, um die Ausbesserung des Wagens abzuwarten."
3,Der Fremde,"Er übertrug dem Bedienten die Aufsicht über das Gepäck, und eilte fort, um noch zu Fuße vor dem Einbruch der Nacht seine Vaterstadt zu erreichen."
3,Der Fremde,"Der Weg führte durch einen dichten Eichenwald, der sich bis nahe vor die Thore der Stadt erstreckte."
3,Der Fremde,"Man ging über kleine Hügel und durch anmuthige Thäler; oft schien sich der Weg, der sich plötzlich wandte, in das Dickicht des Waldes zu verlieren, und dann lag wieder eine frische grüne Wiese da, rings von hohen Waldbäumen umkränzt."
3,Der Fremde,"Löwenstein eilte, und überließ sich ganz dem wunderbaren Spiele seiner Phantasie."
3,Der Fremde,"Er war als Knabe manchmal auf diesen Fußsteigen gegangen, war nachher lange nicht in diese Gegend gekommen, und bemühte sich nun die dunkeln und verworrenen Erinnerungen festzuhalten, die ihm zuweilen wie schwarze Wolken vorüberfuhren."
3,Der Fremde,"Ein Abendwind ging durch die rauschenden Gebüsche hinter ihm her, graue Wolken flatterten um die Kronen einzelner schlanker Fichten, ein räthselhafter Wiederschein des Abendrothes stand mitten im dunkeln Walde, und äugelte durch die grüne Finsterniß."
3,Der Fremde,"Mit seinen Knabenjahren fielen ihm manche Aengstlichkeiten dieses Alters ein, er erinnerte sich lebhaft, wie er manchmal beim einsamen Wiederhall seiner Fußtritte kalt und bleich geworden war, und er horchte jetzt unwillkührlich auch auf das Echo seines Ganges, das in den dicht gepflanzten Eichen wie sein Genius in der Ferne wandelte; er fuhr zusammen, und eilte noch schneller, um diese Furcht von sich abzuschütteln."
3,Der Fremde,"In diesen dämmernden Abendstunden, von Wäldern und stummer Einsamkeit umgeben, erscheint uns das gewühlvolle menschliche Leben gewöhnlich trübselig und freudenleer, eine unbekannte Furcht vor unbekannten Gegenständen nimmt uns bei der Hand, und wie mit einem neu geschaffenen Blicke sehen wir in die Welt hinein, die alle ihre bunten Farben verloren hat, und in einer monotonen Trübheit daliegt."
3,Der Fremde,"Löwensteins Phantasie war gespannt, und es ist nicht zu verwundern, wenn er jeden Athemzug des Windes aufmerksamer behorchte, und zuweilen hinunter in die zitternde Dämmerung sah, die hinter ihm lag."
3,Der Fremde,"Die Finsterniß hängte noch dichtere Schleier zwischen die Bäume, als er wirklich einen deutlichen Fußtritt hinter sich zu hören glaubte."
3,Der Fremde,Ungewiß stand er still und wartete auf das Näherkommen.
3,Der Fremde,"Ein blauer Mantel wogte und wühlte sich aus den übereinanderliegenden Schatten hervor, ein Mensch näherte sich ihm langsam, als wie in tiefen Gedanken versunken."
3,Der Fremde,"Mit einem kleinen Schauder grüßte Löwenstein zuerst, und eine freundliche Stimme dankte ihm, und bat ihn um seine Begleitung durch den dunkeln und einsamen Wald."
3,Der Fremde,"Es war ein junger Mensch, der auch nach der Stadt wollte, und Löwenstein schüttelte plötzlich seine Furcht und alle seine drückenden Gefühle von sich, und zog die Luft des Himmels mit großen freien Zügen ein, die er eben erst wie Kerkerdünste durch die Zähne eingeathmet hatte."
3,Der Fremde,"Das Gespräch lenkte sich bald auf die Stadt und ihre Bewohner, und der junge Unbekannte schien in den meisten Familien sehr zu Hause zu sein."
3,Der Fremde,"Löwenstein unterhielt sich an manchen Anekdoten und unbedeutenden Stadtneuigkeiten, die ihm der Fremde mittheilte; ein lebhaftes Gespräch machte, daß er die Länge des Weges und die Dunkelheit gar nicht bemerkte."
3,Der Fremde,"Ich bin diesen Weg noch nicht oft gegangen, begann der Unbekannte, darum geh' ich in der Finsterniß gern in Gesellschaft, um mich in den kreuzenden Fußsteigen nicht zu verirren, oder, wenn ich falsch gehe, wenigstens nicht allein zu sein, denn ich muß Ihnen meine Schwachheit gestehen, ich fürchte mich leicht in der Nacht."
3,Der Fremde,Löwenstein.
3,Der Fremde,Ich habe diese Kinderei heute auch zum erstenmale an mir bemerkt.
3,Der Fremde,– Die Phantasie spielt uns oft seltsame Streiche.
3,Der Fremde,Der Fremde.
3,Der Fremde,"Die Finsterniß erscheint unserm Geiste als ein feindseliges Wesen, das die Umrisse aller sichtbaren Gegenstände verwandelt und verwirret, und uns so in eine fremde bis dahin unbegreifliche Welt versetzt."
3,Der Fremde,"Es schneidet dann eine Ahnung durch unser Gemüth, wie wenn all' unser Wissen, all' unser Glück nur ein leeres taubes Chaos wäre, und dies macht uns betrübt und wirft unsern stolzen Geist darnieder."
3,Der Fremde,Löwenstein.
3,Der Fremde,"Wir vernehmen dann gleichsam in jedem vorübergehenden Laute eine Stimme, die uns aus unserm kläglichen Schlafe zu wecken strebt."
3,Der Fremde,Der Fremde.
3,Der Fremde,Der Wald fängt schon vor uns an licht zu werden; wir sind nicht mehr weit von der Stadt.
3,Der Fremde,Löwenstein.
3,Der Fremde,O Himmel!
3,Der Fremde,"sehn Sie, sehn Sie dort – ich sehe schon die zerstreuten Lichter, die mir durch den Nebel entgegen blicken!"
3,Der Fremde,Ich werde sie wiedersehn!
3,Der Fremde,Der Fremde.
3,Der Fremde,Sie sind sehr vergnügt.
3,Der Fremde,Löwenstein.
3,Der Fremde,"Ach Freund, ich eile einem Mädchen in die Arme, das ich so innig, so einzig liebe, und dessen Gegenliebe mich zum glücklichsten Menschen macht."
3,Der Fremde,Der Fremde.
3,Der Fremde,"Bemerken Sie, wie das, was wir unsern Geist nennen, von den äußern Gegenständen abhängt."
3,Der Fremde,"Jetzt da wir im freien Felde stehen, die Stadt mit ihren Lichtern wie ein Sternamphitheater vor uns sehen, ist alles das in Ihrer Seele erloschen, was Sie eben so schön und bedeutungsvoll sagten."
3,Der Fremde,Löwenstein.
3,Der Fremde,"Ach Freund, die Liebe stärkt unser Auge, auch in der trübsten Verworrenheit ein reizendes harmonisches Ganze zu finden."
3,Der Fremde,Der Fremde.
3,Der Fremde,Die Liebe?
3,Der Fremde,"– Ach ja, in Ihren Jahren dachte ich gerade so."
3,Der Fremde,Löwenstein.
3,Der Fremde,"Sie scheinen doch, soviel ich sehen kann, nicht viel älter als ich zu sein."
3,Der Fremde,Der Fremde.
3,Der Fremde,Ich zweifle selbst.
3,Der Fremde,"– Aber glauben Sie mir, ein einziger Tag, eine einzige Stunde können den Jüngling in einen Greis verwandeln."
3,Der Fremde,Löwenstein.
3,Der Fremde,Sie sind melancholisch und ich beklage Sie.– Der Fremde.
3,Der Fremde,"Daß die Menschen doch so gern damit zufrieden sind, wenn sie einem fremdartigen Wesen einen Namen geben; mit einem Worte ist alles in Richtigkeit gebracht, und sie glauben die Erscheinung zu verstehen, die ihnen unbegreiflich ist.– Löwenstein."
3,Der Fremde,Sie sind vielleicht in der Liebe unglücklich gewesen.
3,Der Fremde,Der Fremde.
3,Der Fremde,Liebe ist auch nur ein Name; ach!
3,Der Fremde,"die Menschen wissen nicht, was sie wollen."
3,Der Fremde,– Warum lieben Sie und streben nach Gegenliebe?
3,Der Fremde,"Ich glaube die einzige Ursache, warum wir leben, ist um zu sterben."
3,Der Fremde,Löwenstein.
3,Der Fremde,Welch ein trübseliger Gedanke!
3,Der Fremde,"– Aber sie denken ihn jetzt nur, das Morgenroth oder das künftige Jahr wird ihn aus ihrer Seele nehmen, und dann haben Sie doch immer Unrecht gehabt."
3,Der Fremde,Der Fremde.
3,Der Fremde,Unrecht?
3,Der Fremde,"und deswegen, weil kein Gedanke und keine Stimmung im Menschen die letzte bleibt?"
3,Der Fremde,Löwenstein.
3,Der Fremde,"Ich bitte Sie, besuchen Sie mich zuweilen, ich will es versuchen, Sie heiterer zu machen."
3,Der Fremde,Er nannte ihm seinen Namen und seine Wohnung.
3,Der Fremde,Der Fremde.
3,Der Fremde,Ich will Sie besuchen; wenn Sie sich nur nicht verheiratheten.
3,Der Fremde,Sie wären mir dann noch einmal so theuer!
3,Der Fremde,Löwenstein.
3,Der Fremde,Sind Sie ein Weiberfeind?
3,Der Fremde,Der Fremde.
3,Der Fremde,Ich kann sie nicht lieben.– Löwenstein.
3,Der Fremde,"Ich wette, man hat Ihnen Streiche gespielt; aber Sie werden sich gewiß mit dem Geschlechte wieder versöhnen."
3,Der Fremde,Der Fremde.
3,Der Fremde,Ich zweifle.
3,Der Fremde,Löwenstein.
3,Der Fremde,"Lernen Sie mein Mädchen kennen, und Sie werden es."
3,Der Fremde,– Ich bitte Sie hiermit zu meiner Hochzeit.
3,Der Fremde,Der Fremde.
3,Der Fremde,"Ich danke Ihnen, und ich werde ohnfehlbar kommen."
3,Der Fremde,Der Unbekannte stand jetzt vor einem kleinen Gebäude stille.
3,Der Fremde,"– Wir müssen Abschied nehmen, sagte er, denn hier ist meine Wohnung."
3,Der Fremde,Löwenstein.
3,Der Fremde,So klein und eng?
3,Der Fremde,– Ist es Ihnen nicht unbequem?
3,Der Fremde,– Zwar die Aussicht und das Leben im Freien ersetzt das wieder.
3,Der Fremde,Der Fremde.
3,Der Fremde,"Der Mensch braucht wenig, und Raum am allerwenigsten, wenn er mit sich selbst zufrieden ist."
3,Der Fremde,"– Leben Sie wohl, an Ihrem Hochzeittage seh' ich Sie."
3,Der Fremde,"Löwenstein reichte ihm die Hand, und aus dem Mantel reichte ihm der Fremdling die seinige."
3,Der Fremde,"Löwenstein drückte sie warm und herzlich, und schrie auf, als er ein kaltes dürres Todtenbein fühlte."
3,Der Fremde,– Der Unbekannte verschwand hinter eine Thür.
3,Der Fremde,"Mit Grausen und Angst kämpfend blieb Löwenstein lange wie fest gewurzelt; hinter ihm stand eine große Linde, ein Alter ging vorbei, den er zitternd fragte, wem die kleine Wohnung gehöre."
3,Der Fremde,"Der Alte schüttelte bedenklich den Kopf, und sagte ihm, daß es das Lindnersche Erbbegräbniß sei."
3,Der Fremde,"Schneidend kamen alle Erinnerungen zu Löwenstein zurück, er kannte jetzt den Kirchhof recht gut, der vor dem Thore lag; mit zitternden Füßen wankte er in die Stadt."
3,Der Fremde,"Sie begrüßte ihn nicht so herzlich und patriarchalisch, als er erwartet hatte, alle Häuser kamen ihm vor wie große steinerne Särge; mit einem kalten Entsetzen ging er durch die Straßen, wie er es als Knabe empfunden hatte, wenn er die Geschichte jener Stadt las, deren Einwohner in Steine verwandelt wurden."
3,Der Fremde,"Amalie und ihre Eltern kannten den Bleichen, vor Frost Zitternden, nicht wieder, seine Phantasie war zu sehr zerrüttet, er erzählte ihnen den ganzen Vorfall."
3,Der Fremde,"Amalie ward still und trübsinnig, alle Freuden des Wiedersehens blieben aus."
3,Der Fremde,"Der Vater gab sich Mühe, die ganze Sache philosophisch zu erklären; Löwenstein habe die Geschichte Lindners im Sinne gehabt, sei plötzlich auf den Kirchhof gerathen, und seine Phantasie habe ihm alle Begebenheiten untergeschoben."
3,Der Fremde,"Löwenstein war einige Tage bettlägrig; er erinnerte sich jetzt, was der bleiche Unbekannte über die Freuden des Lebens gesagt hatte, und fand alles so wahr und passend."
3,Der Fremde,"– Besuche, alle Arten von Zerstreuungen stellten ihn nach und nach wieder her; er dachte nur an die Erscheinung, wenn er allein war; so nahte sich der Tag, der zur Hochzeit bestimmt war; der Priester legte die Hände der Liebenden in einander, und beide waren unaussprechlich glücklich."
3,Der Fremde,"In der Gesellschaft der Fröhlichen wird auch der Trübsinnige heiter, aber der Glückliche findet sich selig."
3,Der Fremde,"Löwenstein war auf dem höchsten Gipfel seiner Wonne, Musik und Wein begeisterten ihn so sehr, daß er beinahe in eine frohe Laune verfiel, die an den Wahnsinn gränzte."
3,Der Fremde,"Ein Bedienter rief ihn hinaus, weil ihn vor der Thür jemand sprechen wollte."
3,Der Fremde,"– Ein Gepolter – Geschrei – Löwenstein wird blutend in den Saal gebracht, vom Wein betäubt war er die Treppe hinuntergestürzt; der Arzt, der geholt ward, sprach ihm das Leben ab."
3,Der Fremde,"– Er sagte während der Todeszuckungen mit schwacher Stimme, daß Lindner auf der Mitte der Treppe gestanden, und ihn mit derselben Todtenhand hinuntergewinkt habe."
3,Der Fremde,"Amalie stieß einen lauten Schrei aus als er starb, sie sprach wahnsinnig und zeigte den Gästen den gestorbenen Lindner, der an der Saalthüre stehe, und sie starr betrachte.– Sie starb nach einigen Wochen in den heftigsten Ausbrüchen des Wahnwitzes."
